{
  "name": "cargajira",
  "version": "1.0.0",
  "lockfileVersion": 3,
  "requires": true,
  "packages": {
    "": {
      "name": "cargajira",
      "version": "1.0.0",
      "license": "ISC",
      "dependencies": {
        "@types/xlsx": "^0.0.36",
        "xlsx": "^0.18.5"
      },
      "devDependencies": {
        "@playwright/test": "^1.41.0",
        "@types/node": "^20.11.4"
      }
    },
    "node_modules/@playwright/test": {
      "version": "1.41.0",
      "resolved": "https://registry.npmjs.org/@playwright/test/-/test-1.41.0.tgz",
      "integrity": "sha512-Grvzj841THwtpBOrfiHOeYTJQxDRnKofMSzCiV8XeyLWu3o89qftQ4BCKfkziJhSUQRd0utKhrddtIsiraIwmw==",
      "dev": true,
      "dependencies": {
        "playwright": "1.41.0"
      },
      "bin": {
        "playwright": "cli.js"
      },
      "engines": {
        "node": ">=16"
      }
    },
    "node_modules/@types/node": {
      "version": "20.11.4",
      "resolved": "https://registry.npmjs.org/@types/node/-/node-20.11.4.tgz",
      "integrity": "sha512-6I0fMH8Aoy2lOejL3s4LhyIYX34DPwY8bl5xlNjBvUEk8OHrcuzsFt+Ied4LvJihbtXPM+8zUqdydfIti86v9g==",
      "dev": true,
      "dependencies": {
        "undici-types": "~5.26.4"
      }
    },
    "node_modules/@types/xlsx": {
      "version": "0.0.36",
      "resolved": "https://registry.npmjs.org/@types/xlsx/-/xlsx-0.0.36.tgz",
      "integrity": "sha512-mvfrKiKKMErQzLMF8ElYEH21qxWCZtN59pHhWGmWCWFJStYdMWjkDSAy6mGowFxHXaXZWe5/TW7pBUiWclIVOw==",
      "deprecated": "This is a stub types definition for xlsx (https://github.com/sheetjs/js-xlsx). xlsx provides its own type definitions, so you don't need @types/xlsx installed!",
      "dependencies": {
        "xlsx": "*"
      }
    },
    "node_modules/adler-32": {
      "version": "1.3.1",
      "resolved": "https://registry.npmjs.org/adler-32/-/adler-32-1.3.1.tgz",
      "integrity": "sha512-ynZ4w/nUUv5rrsR8UUGoe1VC9hZj6V5hU9Qw1HlMDJGEJw5S7TfTErWTjMys6M7vr0YWcPqs3qAr4ss0nDfP+A==",
      "engines": {
        "node": ">=0.8"
      }
    },
    "node_modules/cfb": {
      "version": "1.2.2",
      "resolved": "https://registry.npmjs.org/cfb/-/cfb-1.2.2.tgz",
      "integrity": "sha512-KfdUZsSOw19/ObEWasvBP/Ac4reZvAGauZhs6S/gqNhXhI7cKwvlH7ulj+dOEYnca4bm4SGo8C1bTAQvnTjgQA==",
      "dependencies": {
        "adler-32": "~1.3.0",
        "crc-32": "~1.2.0"
      },
      "engines": {
        "node": ">=0.8"
      }
    },
    "node_modules/codepage": {
      "version": "1.15.0",
      "resolved": "https://registry.npmjs.org/codepage/-/codepage-1.15.0.tgz",
      "integrity": "sha512-3g6NUTPd/YtuuGrhMnOMRjFc+LJw/bnMp3+0r/Wcz3IXUuCosKRJvMphm5+Q+bvTVGcJJuRvVLuYba+WojaFaA==",
      "engines": {
        "node": ">=0.8"
      }
    },
    "node_modules/crc-32": {
      "version": "1.2.2",
      "resolved": "https://registry.npmjs.org/crc-32/-/crc-32-1.2.2.tgz",
      "integrity": "sha512-ROmzCKrTnOwybPcJApAA6WBWij23HVfGVNKqqrZpuyZOHqK2CwHSvpGuyt/UNNvaIjEd8X5IFGp4Mh+Ie1IHJQ==",
      "bin": {
        "crc32": "bin/crc32.njs"
      },
      "engines": {
        "node": ">=0.8"
      }
    },
    "node_modules/frac": {
      "version": "1.1.2",
      "resolved": "https://registry.npmjs.org/frac/-/frac-1.1.2.tgz",
      "integrity": "sha512-w/XBfkibaTl3YDqASwfDUqkna4Z2p9cFSr1aHDt0WoMTECnRfBOv2WArlZILlqgWlmdIlALXGpM2AOhEk5W3IA==",
      "engines": {
        "node": ">=0.8"
      }
    },
    "node_modules/fsevents": {
      "version": "2.3.2",
      "resolved": "https://registry.npmjs.org/fsevents/-/fsevents-2.3.2.tgz",
      "integrity": "sha512-xiqMQR4xAeHTuB9uWm+fFRcIOgKBMiOBP+eXiyT7jsgVCq1bkVygt00oASowB7EdtpOHaaPgKt812P9ab+DDKA==",
      "dev": true,
      "hasInstallScript": true,
      "optional": true,
      "os": [
        "darwin"
      ],
      "engines": {
        "node": "^8.16.0 || ^10.6.0 || >=11.0.0"
      }
    },
    "node_modules/playwright": {
      "version": "1.41.0",
      "resolved": "https://registry.npmjs.org/playwright/-/playwright-1.41.0.tgz",
      "integrity": "sha512-XOsfl5ZtAik/T9oek4V0jAypNlaCNzuKOwVhqhgYT3os6kH34PzbRb74F0VWcLYa5WFdnmxl7qyAHBXvPv7lqQ==",
      "dev": true,
      "dependencies": {
        "playwright-core": "1.41.0"
      },
      "bin": {
        "playwright": "cli.js"
      },
      "engines": {
        "node": ">=16"
      },
      "optionalDependencies": {
        "fsevents": "2.3.2"
      }
    },
    "node_modules/playwright-core": {
      "version": "1.41.0",
      "resolved": "https://registry.npmjs.org/playwright-core/-/playwright-core-1.41.0.tgz",
      "integrity": "sha512-UGKASUhXmvqm2Lxa1fNr8sFwAtqjpgBRr9jQ7XBI8Rn5uFiEowGUGwrruUQsVPIom4bk7Lt+oLGpXobnXzrBIw==",
      "dev": true,
      "bin": {
        "playwright-core": "cli.js"
      },
      "engines": {
        "node": ">=16"
      }
    },
    "node_modules/ssf": {
      "version": "0.11.2",
      "resolved": "https://registry.npmjs.org/ssf/-/ssf-0.11.2.tgz",
      "integrity": "sha512-+idbmIXoYET47hH+d7dfm2epdOMUDjqcB4648sTZ+t2JwoyBFL/insLfB/racrDmsKB3diwsDA696pZMieAC5g==",
      "dependencies": {
        "frac": "~1.1.2"
      },
      "engines": {
        "node": ">=0.8"
      }
    },
    "node_modules/undici-types": {
      "version": "5.26.5",
      "resolved": "https://registry.npmjs.org/undici-types/-/undici-types-5.26.5.tgz",
      "integrity": "sha512-JlCMO+ehdEIKqlFxk6IfVoAUVmgz7cU7zD/h9XZ0qzeosSHmUJVOzSQvvYSYWXkFXC+IfLKSIffhv0sVZup6pA==",
      "dev": true
    },
    "node_modules/wmf": {
      "version": "1.0.2",
      "resolved": "https://registry.npmjs.org/wmf/-/wmf-1.0.2.tgz",
      "integrity": "sha512-/p9K7bEh0Dj6WbXg4JG0xvLQmIadrner1bi45VMJTfnbVHsc7yIajZyoSoK60/dtVBs12Fm6WkUI5/3WAVsNMw==",
      "engines": {
        "node": ">=0.8"
      }
    },
    "node_modules/word": {
      "version": "0.3.0",
      "resolved": "https://registry.npmjs.org/word/-/word-0.3.0.tgz",
      "integrity": "sha512-OELeY0Q61OXpdUfTp+oweA/vtLVg5VDOXh+3he3PNzLGG/y0oylSOC1xRVj0+l4vQ3tj/bB1HVHv1ocXkQceFA==",
      "engines": {
        "node": ">=0.8"
      }
    },
    "node_modules/xlsx": {
      "version": "0.18.5",
      "resolved": "https://registry.npmjs.org/xlsx/-/xlsx-0.18.5.tgz",
      "integrity": "sha512-dmg3LCjBPHZnQp5/F/+nnTa+miPJxUXB6vtk42YjBBKayDNagxGEeIdWApkYPOf3Z3pm3k62Knjzp7lMeTEtFQ==",
      "dependencies": {
        "adler-32": "~1.3.0",
        "cfb": "~1.2.1",
        "codepage": "~1.15.0",
        "crc-32": "~1.2.1",
        "ssf": "~0.11.2",
        "wmf": "~1.0.1",
        "word": "~0.3.0"
      },
      "bin": {
        "xlsx": "bin/xlsx.njs"
      },
      "engines": {
        "node": ">=0.8"
      }
    }
  }
}
